<mujoco model="panda scene">

  <option cone="elliptic" timestep="2e-3" integrator="RK4">
    <flag multiccd="enable"/>
  </option>
  <include file="../panda.xml"/>
  <statistic center="0.3 0 0.4" extent="1"/>

  <visual>
    <headlight diffuse="0.6 0.6 0.6" ambient="0.3 0.3 0.3" specular="0 0 0"/>
    <rgba haze="0.15 0.25 0.35 1"/>
    <global azimuth="120" elevation="-20"/>
  </visual>

  <asset>
    <texture type="skybox" builtin="gradient" rgb1="0.3 0.5 0.7" rgb2="0 0 0" width="512" height="3072"/>
    <texture type="2d" name="groundplane" builtin="checker" mark="edge" rgb1="0.2 0.3 0.4" rgb2="0.1 0.2 0.3"
      markrgb="0.8 0.8 0.8" width="300" height="300"/>
    <material name="groundplane" texture="groundplane" texuniform="true" texrepeat="5 5" reflectance="0.2"/>
    <material name="cube"/>
  </asset>

  <worldbody>
    <light pos="0 0 1.5" dir="0 0 -1" directional="true"/>
    <geom name="floor" size="0 0 0.05" type="plane" material="groundplane"/>

    <body name="table" pos="0.55 0 0.225">
      <geom name="table" type="box" size="0.3 0.4 0.225" solref="0.004 1"/>
    </body>

    <body name="cube">
      <geom name="cube" type="box" size="0.015 0.015 0.015" material="cube" mass="0.0005" solref="0.004 1"/> <!-- default mass = 0.027 kg -->
      <freejoint name="cube"/>
      <site name="left_cube" pos="0.0 -0.012 0" size="0.005" type="sphere" rgba="1 0 1 0.5"/>
      <site name="right_cube" pos="-0.0 0.012 0" size="0.005" type="sphere" rgba="0 1 0 0.5"/>
    </body>

    <body name="goal" mocap="true" pos="0.55 0.0 0.6">
      <site name="goal" size="0.01875 0.01875 0.01875" rgba="1 0 0 0.25" type="box"/>
    </body>
  </worldbody>
  <keyframe>
    <key name="home" qpos="0 0 0 -1.57079 0 1.57079 0.7853 0.04 0.04 0.5545 0 0.465 1 0 0 0" ctrl="0 0 0 0 0 0 0 255" act="0 0 0 -1.57079 0 1.57079 0.7853"/>
  </keyframe>
</mujoco>

