<mujoco model="panda scene">

  <option noslip_iterations="3" cone="elliptic" timestep="2e-3" impratio="100" integrator="RK4">
    <flag multiccd="enable"/>
  </option>

  <include file="../panda.xml"/>
  <statistic center="0.3 0 0.4" extent="1"/> 

  <visual>
    <headlight diffuse="0.6 0.6 0.6" ambient="0.3 0.3 0.3" specular="0 0 0"/>
    <rgba haze="0.15 0.25 0.35 1"/>
    <global azimuth="120" elevation="-20"/>
  </visual>

  <asset>
    <texture type="skybox" builtin="gradient" rgb1="0.3 0.5 0.7" rgb2="0 0 0" width="512" height="3072"/>
    <texture type="2d" name="groundplane" builtin="checker" mark="edge" rgb1="0.2 0.3 0.4" rgb2="0.1 0.2 0.3"
      markrgb="0.8 0.8 0.8" width="300" height="300"/>
    <material name="groundplane" texture="groundplane" texuniform="true" texrepeat="5 5" reflectance="0.2"/>
  </asset>

  <worldbody>
    <light pos="0 0 1.5" dir="0 0 -1" directional="true"/>
    <geom name="floor" size="0 0 0.05" type="plane" material="groundplane"/>

    <body name="table" pos="0.55 0 0.15">
      <geom name="table" type="box" size="0.3 0.4 0.15" solref="0.004 1"/>
    </body>

    <body name="peg">
      <freejoint name="peg"/>
      <geom name="peg" type="cylinder" mass="0.0005" size="0.01 0.04" friction="2.0 0.005 0.0001" solref="0.004 1"/>
      <site name="peg" pos="0 0 -0.04" rgba="1 0 0 1" size="0.001"/>
    </body>

    <body name="hole" pos="0.555 0.0 0.33" >
        <freejoint name="hole"/>
        <geom type="box" name="hole_1" mass="5" size="0.036 0.08 0.03" pos="-0.05 0 0" rgba="0.79216 0.81961 0.93333 1" solref="0.004 1"/>
        <geom type="box" name="hole_2" mass="5" size="0.036 0.08 0.03" pos="0.05 0.0 0.0" rgba="0.79216 0.81961 0.93333 1" solref="0.004 1"/>
        <geom type="box" name="hole_3" mass="5" size="0.08 0.036 0.03" pos="0.0 0.05 0.0" rgba ="0.79216 0.81961 0.93333 1" solref="0.004 1"/>
        <geom type="box" name="hole_4" mass="5" size="0.08 0.036 0.03" pos="0.0 -0.05 0.0" rgba="0.79216 0.81961 0.93333 1" solref="0.004 1"/>
        <site name="hole" pos="0 0 -0.03" rgba="0 1 0 1" size="0.001"/>
    </body>

  </worldbody>

  <keyframe>
    <key name="home" qpos="0 0 0 -1.57079 0 1.57079 -0.7853 0.0093 0.0093 0.555 0.0 0.5 1.0 0.0 0.0 0.0 0.555 0.0 0.33 1 0 0 0" ctrl="0 0 0 0 0 0 0 0" act="0 0 0 -1.57079 0 1.57079 -0.7853"/>
  </keyframe>
</mujoco>

